# DDL Commands - CREATE, ALTER, DROP, TRUNCATE, RENAME

/*Data Definition Language actually consists of the SQL commands that can be used to define the database schema. 
It simply deals with descriptions of the database schema and is used to create and modify the structure of database objects in the database.
DDL is a set of SQL commands used to create, modify, and delete database structures but not data. */

/*Create a db -- Follow normalization -- reduce rendundacy

1NF - Atomicity (Single Value), Primary Key

2NF - 1NF , Functional Dependency, Foreign Key

3NF - 2NF, No transive Dependency */

-- Create Database
CREATE DATABASE coforge;

USE coforge;

CREATE TABLE user(
	id INT PRIMARY KEY AUTO_INCREMENT,
	name VARCHAR(25),
	email VARCHAR(25) 
						);
	
DESCRIBE user;  -- displays structure of the Table

DESC USER;

-- create table
CREATE TABLE department (
	deptid INT PRIMARY KEY AUTO_INCREMENT,
	deptname VARCHAR(25) NOT NULL,
	fees FLOAT NOT NULL,
	email VARCHAR(25) NOT NULL);

-- Display structure of Table
DESCRIBE department; -- desc department;

SHOW TABLES;

-- create table & set primary key at field level
CREATE TABLE student(
		rollno INT(10) PRIMARY KEY,
		firstname VARCHAR(25) NOT NULL,
		middlename VARCHAR(25),
		lastname VARCHAR(25) NOT NULL,
		dob DATE NOT NULL,
		did INT NOT NULL
		
						);

DESC student;
SHOW TABLES;

# ALTER Table
-- The MySQL ALTER TABLE statement is used to add, modify, or drop/delete columns 
-- in a table. The MySQL ALTER TABLE statement is also used to rename a table.

/* Syntax:  Add column in table
 ALTER TABLE table_name
  ADD new_column_name column_definition
    [ FIRST | AFTER column_name ];  */
    
-- Add new column city  
ALTER TABLE student ADD city VARCHAR(20) NOT NULL AFTER dob;
				   
DESC student;  

-- Modify column in a table

ALTER TABLE student MODIFY city VARCHAR(25) NULL;
    
DESC student;	

-- Rename column in a table
ALTER TABLE student CHANGE COLUMN middlename mid_name VARCHAR(20) NULL;		

DESC student;	

# drop a column in table
ALTER TABLE student DROP COLUMN mid_name;

DESC student;

# rename table

ALTER TABLE department RENAME TO course;

SHOW TABLES;

-- Create a new Table copy from existing Table
CREATE TABLE student_copy AS SELECT * FROM student ;
CREATE TABLE student_cse AS SELECT * FROM student WHERE course_id LIKE 'CSE' ;

SHOW TABLES;

-- Delete table

DROP TABLE student_copy;
SHOW TABLES;

/* MySql Constraints:

The constraint in MySQL is used to specify the rule that allows or restricts what values/data will be stored in the table. 
They provide a suitable method to ensure data accuracy and integrity inside the table. 
It also helps to limit the type of data that will be inserted inside the table.
*/
# DEFAULT constraint - Specifies a default value when specified none for this column

/*
#Check constraint - It is an integrity constraint that controls the value in a particular column. 
It ensures the inserted or updated value in a column must be matched with the given condition.
*/

/*
#AUTO_INCREMENT Constraint
This constraint automatically generates a unique number whenever we insert a new record into the table. 
Generally, we use this constraint for the primary key field in a table.
*/

CREATE TABLE staff(
	id INT PRIMARY KEY AUTO_INCREMENT,
	name VARCHAR(25),
	email VARCHAR(25),
	city VARCHAR(20) DEFAULT 'Bangalore',
	doj DATETIME  DEFAULT NOW()
						);
	
DESC staff;	
	
-- Inserting data into staff table which has auto_increment & default values	
	
INSERT INTO staff(NAME,email) VALUES('Raj','raj@training.com')	;
	
INSERT INTO staff(NAME,email) VALUES('Mike','mike@training.com')	;

INSERT INTO staff(NAME,email) VALUES('Mary','mary@training.com')	;	


			
SELECT * FROM staff;

-- insert data into default columns
INSERT INTO staff(NAME,email,city) VALUES('Navin','navi@training.com','Mumbai')	;

INSERT INTO staff(NAME,email,city,doj) 
VALUES('Hary','hary@training.com','Noida','2017-06-01')	;

SELECT * FROM staff;

-- set the new seed value for AUTO_INCREMENT

ALTER TABLE staff AUTO_INCREMENT=100

INSERT INTO staff(NAME,email,city,doj) 
VALUES('Manoj','manu@training.com','Mumbai','2015-12-15')	;

INSERT INTO staff(NAME,email,city,doj) 
VALUES('Mahesh','mahi@training.com','Chennai',current_date)	;

SELECT * FROM staff;

-- # Check Constraint
-- CHECK constraint to ensure that values stored in a column or group of 
-- columns satisfy a Boolean expression.

DESC staff;

delete FROM staff;

ALTER TABLE staff modify salary DOUBLE(10,2) NOT NULL CHECK(salary > 10000)
			AFTER doj;
		
ALTER TABLE staff ADD gender CHAR(10) NOT NULL CHECK(gender IN ('Male','Female'))
		AFTER doj;

DESC staff;

-- Unique Constraint
/* A UNIQUE constraint is an integrity constraint that ensures values in a column 
or group of columns to be unique.  
A UNIQUE constraint can be either a column constraint or a table constraint. */

DELETE FROM staff; -- deletes all records from staff table

ALTER TABLE staff DROP COLUMN phone;
ALTER TABLE staff ADD phone INT NOT NULL UNIQUE;

DESC staff;

-- throw check constraint error for gender

INSERT INTO staff VALUES
(200,'Raj','raj@test.com','Delhi','2018-12-07','Male',15000,999999);

-- throw check constraint error for salary
INSERT INTO staff VALUES
(202,'Sangamesh','sanga@test.com','Vijaypur','2018-12-07','Male',99000,888888);


SELECT * FROM staff;

-- throw PRIMARY KEY constraint error for ID
INSERT INTO staff VALUES
(202,'Raj','raj@test.com','Delhi','2018-12-07','Male',15000,8686869);

-- throw check constraint error for salary

INSERT INTO staff VALUES
(103,'Mike','mike@test.com','blr','2012-12-07','Male',9000,8686834);

INSERT INTO staff VALUES
(103,'Mike','mike@test.com','blr','2012-12-07','Male',19000,8686834);

SELECT * FROM staff;

-- throw unique constraint error for phone no

INSERT INTO staff VALUES
(104,'Mary','mary@test.com','blr','2012-12-07','Female',19000,999999);

INSERT INTO staff VALUES
(104,'Mary','mary@test.com','blr','2012-12-07','Female',19000,8686831);

SELECT * FROM staff;


-- not null constraint 

INSERT INTO staff VALUES
(104,'Mary','mary@test.com','blr','2012-12-07','Female',null,8686831);


--- Creating Foreign Key Relationship

/* The foreign key is used to link one or more than one table 
together. It is also known as the referencing key. 
A foreign key matches the primary key field of another table. 
It means a foreign key field in one table refers to the primary key 
field of the other table. */

/* 
Syntax: [CONSTRAINT constraint_name]  
    FOREIGN KEY [foreign_key_name] (col_name, ...)  
    REFERENCES parent_tbl_name (col_name,...)  
    ON DELETE referenceOption  
    ON UPDATE referenceOption  */

USE coforge;
CREATE TABLE departments (   -- primary table
	d_id INT PRIMARY KEY,
	dept_name VARCHAR(15) );

CREATE TABLE employees (       -- secondary table
	emp_id INT AUTO_INCREMENT PRIMARY KEY,
	first_name VARCHAR(50) NOT NULL,
	last_name  VARCHAR(50) NOT NULL,
	dob        DATE NOT NULL,
	status     TINYINT NOT NULL,
	description TEXT,
	doj TIMESTAMP DEFAULT CURRENT_TIMESTAMP,
	dept_id INT  NOT NULL,
	CONSTRAINT fk_empDept FOREIGN KEY(dept_id)
	REFERENCES departments(d_id)
--	ON DELETE CASCADE
--	ON UPDATE RESTRICT 
	);

DESC employees;
DESC departments;

INSERT INTO departments VALUES(101,'CSE');
INSERT INTO departments VALUES(102,'Mech');
INSERT INTO departments VALUES(103,'EE');
SELECT * FROM departments;

INSERT INTO employees VALUES(1001,'Raj','Mark','2012-12-12',2,'Employees Salary and 
		Client payments',CURRENT_DATE, 101);

SELECT * FROM employees;

-- foreign key error
INSERT INTO employees VALUES(1002,'Mary','John','2012-12-12',2,'Electrician',
				CURRENT_DATE, 105);

INSERT INTO employees VALUES(1002,'Mary','John','2012-12-12',2,'Electrician',
				CURRENT_DATE, 103);

INSERT INTO employees VALUES(1003,'Jk','John','2012-12-12',2,'Electrician',
				CURRENT_DATE, 103);
				
SELECT * FROM employees;

/* CASCADE: It is used when we delete or update any row from the 
parent table, the values of the matching rows in the child table 
will be deleted or updated automatically.

RESTRICT: It is used when we delete or update any row from the parent
table that has a matching row in the reference(child) table, 
MySQL does not allow to delete or update rows in the parent table. */

SELECT * FROM departments;

SELECT * FROM employees;

DELETE FROM departments WHERE d_id=103; -- Not allows to delete a record . bcoz of fk

UPDATE  departments SET dept_name='Royal Mech' WHERE d_id=102;

UPDATE  departments SET dept_name='Electrical' WHERE d_id=103;

UPDATE employees SET dept_id=101 WHERE emp_id=1003;

-- cascade demo

CREATE TABLE departments1 (   -- primary table
	d_id INT PRIMARY KEY,
	dept_name VARCHAR(15) );
	
CREATE TABLE employees1 (       -- secondary table
	emp_id INT AUTO_INCREMENT PRIMARY KEY,
	first_name VARCHAR(50) NOT NULL,
	last_name  VARCHAR(50) NOT NULL,
	dob        DATE NOT NULL,
	status     TINYINT NOT NULL,
	description TEXT,
	doj TIMESTAMP DEFAULT CURRENT_TIMESTAMP,
	dept_id INT  NOT NULL,
	CONSTRAINT fk_empDept1 FOREIGN KEY(dept_id)
	REFERENCES departments1(d_id)
	ON DELETE CASCADE
	ON UPDATE RESTRICT 
	);

DESC employees1;
DESC departments1;

INSERT INTO departments1 VALUES(101,'CSE');
INSERT INTO departments1 VALUES(102,'Mech');
INSERT INTO departments1 VALUES(103,'EE');
SELECT * FROM departments1;

INSERT INTO employees1 VALUES(1001,'Raj','Mark','2012-12-12',2,'Employees Salary and 
		Client payments',CURRENT_DATE, 101);

SELECT * FROM employees1;

INSERT INTO employees1 VALUES(1002,'Mary','John','2012-12-12',2,'Electrician',
				CURRENT_DATE, 103);

INSERT INTO employees1 VALUES(1003,'Jk','John','2012-12-12',2,'Electrician',
				CURRENT_DATE, 103);
				
SELECT * FROM employees1;
SELECT * FROM departments1;

DELETE FROM departments1 WHERE d_id=103; -- deletes bcoz of  on cascade

UPDATE  departments1 SET dept_name='Computer Sc' WHERE d_id=101;
